"Date","Algeria","Iran","Libya","Nigeria","Saudi Arabia","UAE"
1983-02-01,-0.0723838547295096,-0.0360399364831969,-0.0725103859436905,-0.0745941761258621,-0.0433026201969838,-0.061080207202005
1983-03-01,-0.0377272636869144,-0.0354845819255342,-0.024417730189538,-0.0355169422905619,-0.0331329348524335,-0.0339131660100931
1983-04-01,0.0468566593007552,0.0258974878461943,0.0472137374802652,0.0431473311562536,0.0189679027068108,0.016929062100448
1983-05-01,0.0057056707901002,0.00295967659629662,0.0117202306778913,0.00539084863487637,-0.00523287431665839,-0.00998458974763706
1983-06-01,0.0149479614358731,0.00626037765510164,0.00512733989472011,0.0121901818459279,0.00870630608252788,0.0034542348680876
1983-07-01,0.0153773682790391,0.00877198607283704,0.0229197764629163,0.0177013242042297,0.00484262447578799,0.00789974913668048
1983-08-01,0.00291781695096162,0.00435730536895585,0.00465426372091856,0.012219979299969,-0.00241838086428164,0.0030742978952961
1983-09-01,-0.0117227001837038,-0.011661939747843,-0.0140282861631881,-0.017123873003449,-0.00903411286750612,-0.00718811926091891
1983-10-01,-0.0360158966491908,-0.000733406706874794,-0.0128640907359008,-0.019458570867532,-0.00244627065902722,0.00103004300952692
1983-11-01,-0.0136754267996754,-0.00478029959754625,-0.0220470521411329,-0.0207654967212358,-0.0101987871882455,-0.00550586387452248
1983-12-01,0.00171969087952668,-0.00369276638248403,-0.00383877630716571,-0.0184218001148547,-0.00106100805709438,-0.015299324843846
1984-01-01,0.0150071029257869,-0.000370027756303518,0.00800979382450382,0.0187629224105044,0.0130077418536421,0.00454466784658821
1984-02-01,0.00809175015262924,0.00221811551202136,0.00932166252713609,0.0128771687902032,-0.00490197060020678,0.00209059309591974
1984-03-01,0.00835985473937608,-0.00184808775571786,0.0200721145982215,0.0117156151725628,0,-0.000696378858225622
1984-04-01,0.000665778985977655,0.00553404843464126,0.00302673848019439,0.0020943112220877,-0.00351617802493701,0.00659610098541377
1984-05-01,-0.00500418058457595,-0.0397801043147673,-0.00741493117586199,-0.00609565033869668,0.000352174682280468,0.00724016263914538
1984-06-01,-0.0185659341225352,-0.0615822011292887,-0.0277843288366415,-0.0204209273250684,-0.012757083000771,-0.0103592086610948
1984-07-01,-0.0603904073387804,-0.00244598572826041,-0.0448154650662052,-0.042670818199839,-0.022359388032221,-0.0364062117702393
1984-08-01,0.00613388176126622,0.0360760564738096,0.00869255745053231,0.0106195688274601,0.0123234615044354,-0.00360620657672895
1984-09-01,0.00323218094280609,0.0378569732646777,0.000360555258998766,0.00263736416608567,0.00287769982761497,0.00970706885163923
1984-10-01,0.000358487187922349,0.00755290599593067,-0.00433526690553936,-0.0114791547475465,-0.00287769982761506,-0.00538117890451671
1984-11-01,-0.016989383877808,-0.0132552594063169,-0.00617398002560645,-0.012511333889108,0.00251843989919562,0.00323218094280609
1984-12-01,-0.00292077608152154,-0.00267226728978432,0,-0.0176732413721913,-0.00612724930118723,-0.00719686445652712
1985-01-01,-0.0391475896842713,-0.0084453477007001,-0.0194966631790124,-0.00819812322739633,0.00720464211504751,0.00863004277421475
1985-02-01,0.0554670815128725,0.0156820960990735,0.0468070202373779,0.0290318326806615,-0.00575955515836688,-0.00682596507039987
1985-03-01,0.00859604146979782,-0.0176114812239251,-0.00640115983720799,0.00536424416867889,0.00144300169339274,-0.00361141598721633
1985-04-01,-0.0111172025387026,-0.0187139964313735,-0.0132880389400848,-0.00207076370900903,-0.00469738894462244,-0.00181061067027449
1985-05-01,-0.0416036438400333,-0.0259133495156773,-0.0473811789474436,-0.0412241482824614,-0.0238237398979568,-0.0275600761257137
1985-06-01,0,0.00282315170367967,-0.0141250678286082,-0.00698898440309349,-0.00669894578107987,-0.00149142458667002
1985-07-01,0.0175148878385564,-0.00565429616298699,0.00880388461532798,0.0114483005998582,0.0104012824796155,0.00186393343806273
1985-08-01,0.0135756992314747,0.0385350558304022,0.0252130006629262,0.029879135678996,0.0128512875720524,0.0162545137653734
1985-09-01,0.0205597864143327,0.0143163598189836,0.0125555563704387,0.0107381660354968,0.00654547791450036,0.00911915858026174
1985-10-01,0.0288549223782935,0.00153550893893625,0.0406311506226434,0.0274605548087127,0.00937957814409848,0.00217627942259567
1985-11-01,0.0340980868763464,-0.0142942360442363,0.0298529631496811,0.0346540683715884,0.00322638745552275,0.00757989552276917
1985-12-01,-0.0813285938541315,-0.0113481945691014,-0.0919982966876547,-0.0924035409371791,-0.00250851233495892,-0.0112096635733478
1986-01-01,-0.200670695462151,-0.078993802372177,-0.20668801335514,-0.197109256948334,-0.158285517178991,-0.132804384231905
1986-02-01,-0.23712979328895,-0.289387102702865,-0.229619059603236,-0.251474057940436,-0.404204868495877,-0.393288711664874
1986-03-01,-0.219628609206765,-0.324372807055668,-0.249741254700401,-0.202313167463609,-0.190160767504285,-0.286656957036536
1986-04-01,-0.118309489998629,-0.267175189003449,-0.156013918674482,-0.128428394448619,-0.15009696259641,-0.0935903480876722
1986-05-01,0.102750477398339,0.154884517095092,0.0906311594116301,0.14240193279271,0.111272210644105,0.0927703398416416
1986-06-01,-0.125115626857919,-0.12751332029896,-0.181685828864089,-0.175917352130527,-0.161169181788728,-0.124780388759542
1986-07-01,-0.235742783209724,-0.277071893339765,-0.190553631615755,-0.207792102604064,-0.234839591077401,-0.245225726479403
1986-08-01,0.32973030869528,0.428934242649012,0.31245907678869,0.348402532493365,0.433309134279338,0.403880321722593
1986-09-01,0.0445796316330885,0.115106681544993,0.1094029668424,0.0140601110049829,0.0440205350584707,0.0959588051018303
1986-10-01,-0.0379837850747374,-0.010003931064519,-0.0322856634979687,-0.0368139731227163,0.0216614967811795,-0.00650526327344817
1986-11-01,0.0561027476572128,0.0327149753247335,0.0606246218164348,0.0632509278391058,-0.0136643621940579,0.0264773964603634
1986-12-01,0.116554534273376,0.105734697140209,0.113197374165064,0.10674001649737,0.121877946834291,0.107053996164159
1987-01-01,0.128447810853333,0.134625070435132,0.155931290390969,0.132289927536458,0.118352673951479,0.121723372868306
1987-02-01,-0.0567133618568897,-0.0538056636934231,-0.0512932943875506,-0.0544447079683522,-0.0508138505332268,-0.01814108707065
1987-03-01,0.0376131904834703,0.0335909444360354,0.0331522073169006,0.043515637436162,0.0341611544848435,0.0113766869821078
1987-04-01,0.00986850114075378,0.00598804184462269,0.0142007498587271,0.00274348594575083,0.00519781707361692,0.00169539458524479
1987-05-01,0.0178431335675843,0.0148150857851407,0.0250639686632162,0.031711026372125,-0.00172960550468946,0.00112866829137431
1987-06-01,0.00906914724986315,0.00235017734495345,0.0109410281782082,0.00908905009971241,0.00976177720195383,0.0045019772154536
1987-07-01,0.0577778006668114,0.0243490290102866,0.043647162106195,0.0557546585646923,0.0141846349919564,0.0293243695267487
1987-08-01,-0.0461620417631624,-0.0290549200476991,-0.0371395469494567,-0.0510314800124459,-0.01133156600955,-0.0321357292642947
1987-09-01,-0.0379826347443913,-0.00828897581895506,-0.0527167821724042,-0.0292185459991401,-0.0108852406796708,-0.0141765912662635
1987-10-01,0.0167616792615058,-0.0017851834553526,0.0247620980505667,0.0252841146943053,0,0.00682985011201818
1987-11-01,-0.0488974085258004,-0.0683974561671877,-0.0478178743504928,-0.0526082189688595,-0.000576202839335785,-0.0200522330338692
1987-12-01,-0.0466809037375649,-0.0523679855173159,-0.0471588424373479,-0.0435959214029804,-0.0897922901861663,-0.0713518023716178
1988-01-01,-0.0299423566150783,0.0245614736484749,-0.019130481598576,-0.0251991065775388,-0.0146080717733166,0.0281881408187802
1988-02-01,-0.0511333327779956,-0.0601329394333426,-0.0669922039306544,-0.0643407167654497,-0.0318518964240825,-0.0207577660754872
1988-03-01,-0.0371499220616377,-0.0857460345457169,-0.0456638104738963,-0.0506272936969325,-0.0999444151752236,-0.111479686321056
1988-04-01,0.112308434426623,0.107785494112008,0.113278873347141,0.109791430313152,0.104557273437122,0.0699119891987145
1988-05-01,-0.0137438673710686,-0.0164838897216894,-0.0182223075436686,-0.0115802452106693,-0.00725836245032295,-0.00386598419646591
1988-06-01,-0.0678331522667065,-0.0890280149304461,-0.0675445142137564,-0.07485101774589,-0.0936559197082984,-0.0933108885640547
1988-07-01,-0.00322476899901459,-0.0137197273974803,-0.00339789657540465,0.000845171197467197,-0.0183491386681965,-0.0185985332313751
1988-08-01,-0.0361762566104821,-0.0264401094104574,-0.0346294990138346,-0.0322267719386352,-0.0217155669101498,-0.0101597390591244
1988-09-01,-0.107371914257512,-0.119557659014752,-0.118047341195123,-0.110744108741299,-0.133423255290003,-0.125746828947522
1988-10-01,-0.0583434821200578,-0.137854349134273,-0.0554339138670035,-0.0578731250079541,-0.0999924046074546,-0.122134923158841
1988-11-01,0.0590889163700064,0.0526175955030112,0.0609697128992551,0.057273154988457,0.043037511679982,0.0447767808559735
1988-12-01,0.160728952886197,0.162132007457738,0.166690029079994,0.156484253285845,0.159630145591884,0.17199135040132
1989-01-01,0.100143886994624,0.133736963598625,0.103890811338229,0.102469504682125,0.131480109853965,0.133625443882528
1989-02-01,-0.00229885158711094,0.0128665105932503,-0.00361664047018866,-0.00260907525886487,0.0203259030140389,0.0124306474698165
1989-03-01,0.101671325400314,0.117783035656383,0.112400891340155,0.107245530353598,0.106165020930502,0.0966097251464105
1989-04-01,0.0663559953494039,0.0700865492975607,0.066795820413191,0.0662320016439043,0.0676248271742845,0.046144287657525
1989-05-01,-0.0778563834697201,-0.0853540214283492,-0.0798323983076852,-0.0775078520703483,-0.0883446421479016,-0.0809826457068323
1989-06-01,-0.0634875488915961,-0.0135529664047035,-0.06727599889416,-0.0603279886012276,-0.017391742711869,0.00244200365555159
1989-07-01,0.00502934840500196,0.00583092031079314,0.00757358703122404,0.016005676799728,0.004376374599799,-0.00734397425575839
1989-08-01,-0.0609033674628391,-0.024192091876933,-0.0622582828502945,-0.0724722884674991,-0.0362059234621857,-0.0236182513482085
1989-09-01,0.0614606257664767,0.0351141407015141,0.066890601498574,0.0606594899278071,0.0405632288311415,0.0418780404809629
1989-10-01,0.0683612886078586,0.0214926098597007,0.0664863628961613,0.0718340198842954,0.0389817930709119,0.0378743492924359
1989-11-01,-0.00993472223408824,-0.00313185348379393,-0.0163491380015295,-0.0135914272035391,0.00119402999260799,0.00232018665569735
1989-12-01,0.06213811224449,0.0620259570016881,0.0659112049495435,0.064949620835036,0.0602033622441024,0.0688383597437515
1990-01-01,0.0682353830188972,0.0227348760291113,0.0728947144082492,0.0651548539768042,0.0287949019479446,0.0144968981790453
1990-02-01,-0.0781610228188673,-0.0484155945599354,-0.0785692202203028,-0.0769129831412095,-0.0412314669889533,-0.0297560498385621
1990-03-01,-0.0745300830984189,-0.0579059975774415,-0.0774163956996116,-0.067770941433788,-0.0627956343249941,-0.0717030599130574
1990-04-01,-0.10291559956471,-0.120430768578824,-0.108533047944603,-0.090781065894669,-0.122260032169429,-0.0998040378873491
1990-05-01,-0.0125863213823006,-0.0204535983509568,-0.0169655341582968,-0.0206802052375387,0.00136798926942481,0.00325415191167782
1990-06-01,-0.0981489459422657,-0.120646911233818,-0.0908209054062974,-0.0799481847777821,-0.107413201975569,-0.0699680056451579
1990-07-01,0.151581085265627,0.187028750865678,0.15583459880275,0.14411350195506,0.156105714663062,0.152257400401672
1990-08-01,0.495616205102462,0.553678703406948,0.498036350060706,0.470843142377454,0.517832269791515,0.475747127673471
1990-09-01,0.226551183527811,0.154887662201385,0.222926999539444,0.210844450272646,0.154926174243789,0.124003062712712
1990-10-01,0.0529996965829271,0.0594038037167845,0.0412954602403667,0.0453144792957575,0.0565122102633424,0.0873945711916636
1990-11-01,-0.0999032771276563,-0.126916254105534,-0.109401797707788,-0.0965287839765202,-0.111133294743568,-0.110995467175142
1990-12-01,-0.143727887151163,-0.178762963402064,-0.151937777192497,-0.150926870463582,-0.163964762652669,-0.171282809479132
1991-01-01,-0.17428938509669,-0.167212268710635,-0.163005892656991,-0.161398138713579,-0.155805624350613,-0.166872645852907
1991-02-01,-0.16960278438618,-0.311792164080626,-0.21145859284524,-0.192557060687981,-0.301627490601731,-0.313806527249189
1991-03-01,-0.0298242403107139,0.044634940712088,-0.0227583254514851,-0.0447907650312871,0.0403254636924764,0.00963708068838767
1991-04-01,-0.0292317073054262,0.0219205057376222,-0.00160728671087203,0.00242436865965786,0.0253962239811935,0.0437843543146917
1991-05-01,-0.0151978609094315,0.0506031745750837,-0.0102399170151184,-0.00113407919778929,0.0157770262819411,0.0547755962234252
1991-06-01,-0.0443589551461733,-0.049946360101553,-0.0591360228542229,-0.0455331468009791,-0.029324031488086,-0.0329829662325725
1991-07-01,0.0685658859979708,0.0348422340678766,0.0725879340655151,0.067065689528309,0.0537082310081106,0.0782908285661299
1991-08-01,0.0192455977152338,0.0213307962139359,0.0159070162143395,0.018257353445553,0.020930996692018,0.0246115785965669
1991-09-01,0.0495811746101366,0.0741523092039853,0.0412217042101216,0.0412679917029991,0.0504874461887582,0.0521033389842949
1991-10-01,0.0799711487626324,0.0614718640936678,0.0869693098083351,0.0814868304372849,0.0717607369003159,0.0698130478708412
1991-11-01,-0.0479317950180158,-0.0252483225240945,-0.0502952295765509,-0.0481371551553014,-0.0315516216182617,-0.0256734856459635
1991-12-01,-0.129677823308533,-0.198572965176613,-0.141978509067195,-0.139370998470629,-0.164716018466255,-0.16442572809938
1992-01-01,-0.0103093696588612,0.00742995650378416,-0.0067529800803067,-0.0165293019512105,-0.0118418336109492,0.00115606949291879
1992-02-01,0,0.0311386535941098,-0.000564812214958806,0.00134318354646754,0.0326886952504722,0.00862818122333841
1992-03-01,-0.0428750505118066,0.00325627119377521,-0.0356564512193597,-0.021984872433811,0.00302938735160725,-0.0115208647561742
1992-04-01,0.0638960757655955,0.0580971437352188,0.0798625437238555,0.0806335995153186,0.0570239690965355,0.0475202526164981
1992-05-01,0.0397864509196604,0.0525808087433926,0.0444047579408691,0.0397074495951127,0.047973504262876,0.0553458451803812
1992-06-01,0.0480701632092944,0.0729431496574288,0.0538494867966052,0.0572124810454984,0.0714589639821449,0.0657466253773693
1992-07-01,-0.039332243536132,-0.0235433814346481,-0.0430496903903786,-0.0385077320905789,-0.024122288440696,-0.0212721352755397
1992-08-01,-0.0214956982049036,-0.0349528252469605,-0.0227635281791932,-0.0229473125564712,-0.0327378761202962,-0.0314906670913708
1992-09-01,0.0224618818549447,0.0271663565406909,0.0263376958850354,0.0192150722319343,0.0249151504390872,0.040945825862126
1992-10-01,0.0119991840453486,-0.00953723919118712,0.0116545529959823,0.00430519679552042,-0.00841224729465197,-0.0119582889888737
1992-11-01,-0.0463837108571994,-0.0785406420512806,-0.0522217379849825,-0.0507658615916086,-0.0632018576721737,-0.0567162294418526
1992-12-01,-0.0533733646487193,-0.0577324666685716,-0.053418693699864,-0.0559214421074772,-0.0519447409179476,-0.0383934692070292
1993-01-01,-0.0659100463828986,-0.0612708253930412,-0.0594005672456385,-0.0562528853710214,-0.058553308751574,-0.0532100608675833
1993-02-01,0.0611544231533304,0.0677099976740623,0.0688740290125115,0.07179792241456,0.0561808283979438,0.044350645224067
1993-03-01,0.0183683988833338,0.0184424940957153,0.00883495531480498,0.0153070831505794,0.032138319552011,0.0198244377848446
1993-04-01,-0.00783089358054806,0.000629921280672039,-0.00496005425825079,-0.00941597313275518,-0.0034562246386771,-0.00218340698094351
1993-05-01,-0.0131893233510794,-0.0670605905702811,-0.00943665065473861,-0.0117645340029746,-0.0269022071696376,-0.0221003470006661
1993-06-01,-0.0489760550520194,-0.020408871631207,-0.0497387455535085,-0.0409578756989486,-0.0300865051748334,-0.0151987164369304
1993-07-01,-0.0392430223814946,-0.102691305302797,-0.0523427743739892,-0.041221617737973,-0.0794320206316568,-0.0565913596710822
1993-08-01,0.00578370611684876,0.0373735573937365,-0.00495357050066083,-0.0168719632909428,0.00921665510492405,-0.0151197316366971
1993-09-01,-0.049049713420359,-0.0396610155013354,-0.0457222493380951,-0.0464757712732765,-0.0373875320716203,-0.0641729572512116
1993-10-01,0.0380319156799121,0.0469709895727738,0.032601161375398,0.0380196777305455,0.0517013743768904,0.0900390609633928
1993-11-01,-0.0851578083403067,-0.0882701971777236,-0.0942415685827933,-0.0865057148941967,-0.0792893308957194,-0.0618501349212599
1993-12-01,-0.104302874099691,-0.0994555939039712,-0.110209849719264,-0.1146987166026,-0.134530892957606,-0.113606677196485
1994-01-01,0.0474805382329946,0.073668508292551,0.0628009012390304,0.05401821838475,0.0865446014001858,0.0449747188236196
1994-02-01,-0.0210534091978324,-0.0231224174208541,-0.00873367996875467,-0.0162805429182788,-0.0125509214918595,-0.0102007004880227
1994-03-01,-0.0103484883503104,-0.0109198901140222,0.004376374599799,-0.0069204428445738,-0.0393990351438273,-0.0340665545636063
1994-04-01,0.0754445067684401,0.126007381079287,0.0904020317274905,0.0768324320432883,0.0978361424159906,0.0808040324152959
1994-05-01,0.0605111294675888,0.0732034040232949,0.0656183899969218,0.0725449690313123,0.0781542348863244,0.0644162044595397
1994-06-01,0.0256960657336273,0.0874149864165059,0.0264224280528918,0.0290593046328133,0.0646195288738543,0.0477702762686864
1994-07-01,0.0399012167521861,0.046462367117885,0.0339824054920256,0.0363385959362794,0.0363893415574255,0.0287376097673569
1994-08-01,-0.0499813495395851,-0.0332338277547033,-0.044345192527572,-0.0499673273424469,-0.026114243601513,-0.0299044710432772
1994-09-01,-0.0469741740304368,-0.0240670260826373,-0.054135306376685,-0.0586352885428615,-0.0455183126562116,-0.0386837878547028
1994-10-01,0.0523233695492535,0.00511510066677041,0.0504520609603887,0.0532024182056797,0.0112641992007965,0.0174440513537917
1994-11-01,0.0502850803235563,0.0344753666042381,0.0591040393577042,0.0401585817110113,0.0372562171811794,0.0397480728133187
1994-12-01,-0.090810734643095,-0.0570496886427771,-0.085273757091089,-0.0980556972814744,-0.0298166292410569,-0.0308432944703588
1995-01-01,0.0476136934455022,0.0409002693431983,0.0546651286124528,0.0597901592025209,0.0346013273643932,0.0296965053538521
1995-02-01,0.0215437735483636,0.0386907331355765,0.0306086284786362,0.0358736011790866,0.031133204641262,0.0305108412635381
1995-03-01,-0.0069364439966571,-0.0200797741315512,-0.0122486220761991,-0.0172537061319564,-0.0157391765499711,-0.0225107985964617
1995-04-01,0.0903410941449119,0.0825453651006588,0.0918899113995268,0.0887598571754179,0.057647914069998,0.0499548920121428
1995-05-01,-0.00904983551991804,-0.00510639407457425,-0.0134736611189646,-0.00681796611462718,-0.0117156151725628,-0.00924673436377319
1995-06-01,-0.0583544732818957,-0.0646143677757051,-0.0540672212702757,-0.0625807025892697,-0.0595379509532138,-0.0684075627198758
1995-07-01,-0.0907288533897623,-0.0729883601688804,-0.100535722143906,-0.097018608465875,-0.0690354147215199,-0.07532399680421
1995-08-01,0.0160101941941606,0.01747051875724,0.00945484509451823,0.018634079544893,0.0183375356537333,0.0212242673662542
1995-09-01,0.0517818738525034,0.00957555991957213,0.0441789633766278,0.0517454998195682,0.0118344576470028,0.0141063363347385
1995-10-01,-0.0318235458128376,-0.0415104991683785,-0.0317099738968938,-0.0328482596382011,-0.0385027047291641,-0.0290412747934287
1995-11-01,0.0364531837115798,0.0446820844466721,0.0418623453609117,0.037221316955635,0.0477477628732155,0.053704178971861
1995-12-01,0.0686078859191551,0.0826213453443981,0.0666530397597272,0.070202286463654,0.0773018146953981,0.0793568836290976
1996-01-01,0.00591240636575352,-0.0277877766813482,0.00388350002639761,0.00605603667704161,-0.012571594141923,-0.0121481339356475
1996-02-01,0,-0.0416216746908194,0.0148395138627742,0.00473271831001974,-0.00287935701379588,-0.0241788556971588
1996-03-01,0.0993941994831699,0.0618004009054468,0.0946652265410783,0.101931529330059,0.0966723637001885,0.0515778298852734
1996-04-01,0.0413458747382963,0.0312344650617425,0.0379792480652165,0.0376577727919629,0.0789950386410928,0.0303456875280485
1996-05-01,-0.0834625773209421,-0.042460580004256,-0.0836724757241151,-0.0905385676086189,-0.0921704597996571,-0.0357657549973878
1996-06-01,-0.047146778425702,0.0194180858571017,-0.0462479438062523,-0.0443937124735835,-0.045030661713828,0.0294532669134955
1996-07-01,0.0642069011710103,0.0184762761675732,0.0581251812868482,0.0678707468133808,0.0348999432390059,0.0286105340412658
1996-08-01,0.0499740165629351,0.0463899884590299,0.0505486640364192,0.053909629275623,0.0445449592158221,0.0446301190166626
1996-09-01,0.0887057917384387,0.0867837887413044,0.0842011851469692,0.0816780310142673,0.0792933042030408,0.0809854102829911
1996-10-01,0.0710407226806951,0.075216163948548,0.0801462327008043,0.0751034304577876,0.0650710497735694,0.063944722078685
1996-11-01,-0.0555698511548108,-0.0296981524055065,-0.0592797708404514,-0.0680261371697898,-0.0283483550042551,-0.025785700247033
1996-12-01,0.0511227041448986,0.0417019899857632,0.05845127037881,0.059501628475846,0.0507226158352824,0.0430311328983613
1997-01-01,-0.0204673538505405,-0.0218055496588846,-0.026455458486827,-0.0202609467398009,-0.0206012107211417,-0.01979428704739
1997-02-01,-0.103615875391603,-0.125256955984705,-0.109624914444284,-0.104630457082098,-0.119833409043789,-0.112903424828555
1997-03-01,-0.103323855076023,-0.0451286142694647,-0.098734840685689,-0.110351136465369,-0.0470193914255453,-0.0358739389028856
1997-04-01,-0.0909959997847327,-0.0774505936504116,-0.100248980364858,-0.0843328959404663,-0.0670884290808449,-0.0668445672921021
1997-05-01,0.0904872233809823,0.0989094638339718,0.0806664546307164,0.0952081441938084,0.0795690903044541,0.0673380289354734
1997-06-01,-0.0827180389080664,-0.0681378051672181,-0.084148756466591,-0.0879394513021837,-0.075102304541503,-0.0758171470385348
1997-07-01,0.049605857093134,0.0052310494175525,0.0570615099201093,0.0542138165941475,-0.00558660670863971,-0.0139337731281054
1997-08-01,0.0130652498696417,0.0149600028203919,0.0130934767470196,0.0046330503006783,-0.00336700654790441,0.00323276143608409
1997-09-01,-0.00364109635037094,0.0197914291505923,-0.00380125355899527,-0.00780430031569533,0.0233343920617728,0.027587956518829
1997-10-01,0.0591828816627133,0.075985906977922,0.0934288979979219,0.0558488101389202,0.0643325691236623,0.0594234204708008
1997-11-01,-0.0278902539818323,-0.0327033363364505,-0.0322283683108262,-0.0311174631310773,-0.03191481955024,-0.0335955385147276
1997-12-01,-0.112117298120706,-0.142688472500809,-0.108549947681493,-0.110348057168865,-0.12619149360579,-0.124177737073966
1998-01-01,-0.128861120829538,-0.225930362221389,-0.126304695589389,-0.128436468298975,-0.197392333043774,-0.204269671069193
1998-02-01,-0.0719351317926753,-0.089975596818347,-0.0780490114019784,-0.0774831446215507,-0.0613596457378031,-0.0903649206974695
1998-03-01,-0.0708197167379059,-0.096073830089622,-0.0687929514542983,-0.0714353453754054,-0.092423724627107,-0.0756595628451407
1998-04-01,0.0241681481198593,0.0474108842906945,0.0222396119278384,0.0279911719994845,0.0427738159832862,0.0600342449420598
1998-05-01,0.0514741752779777,0.0478144094730887,0.0673297101193782,0.0679414790356458,0.0441661502875642,0.0640462740195833
1998-06-01,-0.187696802318462,-0.0712389039363017,-0.178900410795483,-0.195895953388904,-0.0691050986348162,-0.0815209045428472
1998-07-01,0.0334315683929057,0.0180673387939703,0.00408998525152507,0.0102916860365475,-0.000842105312922335,0.0198340496280336
1998-08-01,-0.00482316047542927,0.042932567841237,-0.016461277054072,0.0103516306744254,0.0501131543197051,0.00938239877191352
1998-09-01,0.101080620563364,0.0799107554400534,0.116583607547465,0.112993200749389,0.053814152813908,0.0552543107893213
1998-10-01,-0.0677970411523347,-0.0330009826189504,-0.0632591822827661,-0.0706498726945809,-0.0347659578432136,-0.0405765656320433
1998-11-01,-0.131418049977116,-0.0720956459810047,-0.121132462489818,-0.127244857562344,-0.0649578962747725,-0.0616796259904415
1998-12-01,-0.095043548686894,-0.178634431205146,-0.105755304450952,-0.112862426309621,-0.185682904496659,-0.163575047881188
1999-01-01,0.12309096124205,0.0472367074164482,0.115476989501852,0.128435599772591,0.0521515118721368,0.0423194318789117
1999-02-01,-0.105648658578708,-0.044087098513552,-0.10761067558587,-0.100906383333706,-0.0371136345075962,-0.0587846948944276
1999-03-01,0.201194529942438,0.21006043581199,0.219807925735402,0.204410873004661,0.186458923059916,0.208981237501705
1999-04-01,0.170733331251563,0.196103240260314,0.176144235448465,0.206314841487609,0.208671037210614,0.186670249158135
1999-05-01,0.00857242308619191,0.0497208296623852,0.00853303503794893,0.000777000816092224,0.0445683194798766,0.0468785670908674
1999-06-01,0.0354761485106576,-0.0046620131058113,0.0213393160349954,0.0261912128629475,-0.0122542649234669,0.0012539186595939
1999-07-01,0.206529750651554,0.14399052341466,0.207279415167303,0.195008703242691,0.146986858893624,0.139543982478917
1999-08-01,0.0561269542332864,0.0916249953231424,0.0654156714301539,0.0586848458861107,0.0925051288767161,0.0890982080332101
1999-09-01,0.107988638064096,0.13820137841958,0.110558865838971,0.11364314522469,0.132317683957214,0.130223334806424
1999-10-01,-0.0261481770973884,-0.00414269867501055,-0.0319034589634769,-0.0265502320941208,-0.00763533913735691,-0.00967465769476775
1999-11-01,0.117633346261598,0.0703449705190731,0.109090605594932,0.106256974704864,0.0645948766280199,0.0736659831962503
1999-12-01,0.0422102520016473,0.0445639100074478,0.0526851392097694,0.041969722724961,0.056688687681657,0.0335046475228225
2000-01-01,-0.00922728576907478,-0.018257768573565,-0.034681052174264,-0.017552521778374,-0.0246626609622486,-0.0087719860728371
2000-02-01,0.104433086887433,0.0474332577074964,0.121915817973043,0.109718847546403,0.0564987156847891,0.0624839489934174
2000-03-01,-0.038664152682535,0.00636944828547993,-0.0277597896349298,-0.0294128326417461,0.00655487212992094,0.00487897383677027
2000-04-01,-0.18805223150294,-0.113328685307003,-0.192404700508222,-0.183862433944975,-0.125547536577805,-0.114092736011219
2000-05-01,0.201345044443457,0.136859182717197,0.197085177099554,0.195846406416651,0.135109667190894,0.133374015575017
2000-06-01,0.0662768380826214,0.0688895069718975,0.0793793577321306,0.0690694144251851,0.0669860374187039,0.0557087979384163
2000-07-01,-0.0402098461386364,-0.0357246607055462,-0.0262199894520346,-0.0379824886756826,-0.0325643824717729,-0.0353518608696721
2000-08-01,0.0168940408250194,-0.0060173178929887,0.00272109011436081,0.0107248908987774,-0.00257779557218456,0.016771133501969
2000-09-01,0.126067711084433,0.101770525973171,0.0991934404551384,0.116482197580303,0.12072854588614,0.114869303626853
2000-10-01,-0.0618497541425865,-0.00615176239447539,-0.051762895801746,-0.0626903067082425,-0.0141519557873653,-0.0104646586806482
2000-11-01,0.0582265617731663,-0.0232366966050252,0.0664196467264221,0.0691015635949244,-0.0120041454809898,-0.0271422154558003
2000-12-01,-0.236005709681841,-0.286045984673013,-0.261455311215999,-0.254597788441554,-0.274684055760937,-0.214338668081468
2001-01-01,-0.00114964565258537,-0.00140219700469233,0.0206514255260822,-0.00176806914023766,-0.0151248434846019,-0.0163669774642054
2001-02-01,0.0638672836381393,0.0902801167667565,0.0692756442038394,0.0746162613503215,0.10661477133202,0.0662388075043783
2001-03-01,-0.11338624092013,-0.0468049565115893,-0.118277940397324,-0.118015735454163,-0.0432254984043587,-0.0523098645676033
2001-04-01,0.0328937918403173,0.0208294701083287,0.0338475472473049,0.0435567624530319,0.0195798798290112,0.0229247924078595
2001-05-01,0.104307329673168,0.064949620835036,0.121864142349715,0.114137206263104,0.0612068634631599,0.0635439909710628
2001-06-01,-0.0109483700001045,0.00900169744509842,-0.0234974864835744,-0.0158396749653095,0.0157847358174801,0.00372439909098227
2001-07-01,-0.126252751513381,-0.0770262163760777,-0.121337962969307,-0.123219203266176,-0.0856927107333762,-0.0764555926885409
2001-08-01,0.0449071120594281,0.0303316146552524,0.0303830827924259,0.0241349827093842,0.0363676441708748,0.0261401022314441
2001-09-01,0.0065271876966317,-0.00599316862345465,0.00697136828036578,0.0220276652370904,-0.00765361238592758,-0.00156494554630337
2001-10-01,-0.235368760125479,-0.214699270470876,-0.228367515985205,-0.232191637170719,-0.204316638330157,-0.200496691633628
2001-11-01,-0.0832763402406012,-0.136653420669636,-0.0818224994223735,-0.0851416240989024,-0.122818011328119,-0.115512887121844
2001-12-01,0.00420168685369998,0.00304599687229549,-0.0100503358535016,-0.00705629370257071,0.00893361608739261,0.0159832917748112
2002-01-01,0.0289276369061794,0.125592419629411,0.0344861760711694,0.0452292632232082,0.0456352947066194,0.042427470381603
2002-02-01,0.00457201710820408,-0.00322407587175279,0.0213422734817726,0.0326404307744743,0.0334234767150473,0.0250138104139292
2002-03-01,0.146373064753285,0.168047215589783,0.14701474296181,0.157150657487244,0.18086526664923,0.173305407375716
2002-04-01,0.103870790105184,0.076607121472197,0.0832427104042073,0.0819899515810258,0.0683354186640931,0.0616260996905362
2002-05-01,-0.0227509313917248,-0.0140040480840166,-0.0213933486918765,-0.0269219065404596,0.0139139593161521,0.0116506172199751
2002-06-01,-0.0483865314697037,-0.0521933844573196,-0.052776065506656,-0.0456421148798859,-0.0365869953310251,-0.0381710711700255
2002-07-01,0.088740107861689,0.0754256859505882,0.0837084372452914,0.0781324812847209,0.028659882872942,0.029640581286294
2002-08-01,0.0410236027341465,0.0324530431074176,0.0387946243377531,0.0380602018638739,0.019701188820479,0.0200469319452907
2002-09-01,0.0472471592608815,0.0668347913399665,0.0591013922759134,0.0547859628784641,0.0557701875096755,0.0513314615981045
2002-10-01,-0.0139412445620835,-0.0338363690012131,-0.0235902792066549,-0.0196255212091709,-0.00555043053064909,-0.00983793687954205
2002-11-01,-0.138377012704262,-0.165952547730251,-0.143496413266085,-0.147939868090844,-0.121360857004267,-0.116365147157582
2002-12-01,0.1930124480929,0.17102375032833,0.185918302446513,0.195872924961833,0.106783884257494,0.101238498279761
2003-01-01,0.064346784965955,0.100602130767781,0.0788235422443532,0.0501687213247542,0.0913318495692139,0.0902280072528821
2003-02-01,0.0357853626384359,0.0277602836535987,0.0445366221989167,0.0490407756162614,0.0667911367320988,0.0682679711290029
2003-03-01,-0.0383453640365385,-0.0709014090992335,-0.058953647794043,-0.0472553796768996,-0.0709233740170093,-0.0723523879712276
2003-04-01,-0.214291465918169,-0.200262582164237,-0.207182500382877,-0.199046771944568,-0.159802693258605,-0.147860816336577
2003-05-01,0.00198294730849338,0.0155870445863627,0.011705481786806,0.0201765869827185,0.00886745028532094,0.0242199338921448
2003-06-01,0.0747869356289392,0.0633502325476336,0.061474039072924,0.0631242841712427,0.0481784965916793,0.0393543027809876
2003-07-01,0.0257680742462792,0.0642533290847186,0.0388578026067471,0.0333382110509668,0.0408372907703797,0.0360760564738096
2003-08-01,0.0584514188638875,0.0942134363146519,0.0474929788792203,0.048095611347949,0.0402932203826152,0.0264892761644577
2003-09-01,-0.0809161316918712,-0.0757157990728293,-0.0769610411361283,-0.081324590481241,-0.0712369753548859,-0.0715106028714039
2003-10-01,0.0903342975077713,0.0771307267938552,0.0848907499864696,0.0744199976175312,0.0677046509473406,0.0822578028646044
2003-11-01,-0.0316299110246806,-0.0451911341387125,-0.0187180508267639,-0.022662600645881,0.0130077418536421,0.0119967162876315
2003-12-01,0.0282764538243471,0.0190481949706944,0.0320220164531268,0.0242835654746702,0.0197135901642124,0.0192346068321711
2004-01-01,0.0497973826531058,0.0186921330121525,0.0401847193246233,0.0429953632600627,0.0211782587097438,0.0315815720502988
2004-02-01,-0.0232794217780476,-0.0431915494620363,-0.0473263922564497,-0.0154067181140154,-0.0217606200300066,-0.00878197219925432
2004-03-01,0.0903315596559348,0.104720739408898,0.0943789365273411,0.0900594104196947,0.0800769736114842,0.076997339435557
2004-04-01,0.0074438336872914,0.00327638954454673,-0.00529348892929589,0.0119869044179674,0.026807240991206,0.0318526705257376
2004-05-01,0.118738444495758,0.122371218055971,0.146404777076588,0.115613658616638,0.0926612830129598,0.0745055323945649
2004-06-01,-0.077192890982776,-0.0697103678774933,-0.0623115887133523,-0.0617804660580721,-0.0263345233901432,-0.0242235901536649
2004-07-01,0.0824477638211345,0.0834955986421047,0.0692989861292745,0.0670999076845405,0.0242272186949413,0.0363875460545888
2004-08-01,0.111708250619823,0.0754927230678926,0.0824706424478451,0.1112159588703,0.0906892451667455,0.0947726898693211
2004-09-01,0.0288737000013666,0.00196985910399577,-0.0101624371932298,0.0232506496193293,-0.0623488391349787,-0.0604413541535009
2004-10-01,0.139207421031682,0.107501368372979,0.118723743469993,0.13615680327792,0.0641966992234584,0.0843468750070551
2004-11-01,-0.161075020446054,-0.171021403087201,-0.101190265532174,-0.13521590752171,-0.0922277558707539,-0.043151118568788
2004-12-01,-0.0814205861530784,-0.0945922943767187,-0.0668095598472033,-0.109354575852483,-0.0264691587843243,-0.0300945710514347
2005-01-01,0.113932607212119,0.16918438300683,0.0886021898380558,0.118692436651193,0.0995402325375385,0.0772937961126971
2005-02-01,0.023378555566952,0.0259221630236122,0.00501733223123189,0.0319354494245347,0.0468466742468853,0.0338777871347519
2005-03-01,0.146133213188357,0.189018915840072,0.169489336578485,0.156917020180575,0.155742058948636,0.136570647193267
2005-04-01,-0.0116669583879088,-0.00965898798086407,-0.00080499098732207,0.000583062977913824,0.0383361959643558,0.047930934559073
2005-05-01,-0.0653853590187346,-0.0629315908884955,-0.0362856247023896,-0.0572059755028239,-0.0333541762492256,-0.0255382422406657
2005-06-01,0.111074290303224,0.137025604478988,0.104190729428175,0.107568087927522,0.108227743030141,0.0778243578492209
2005-07-01,0.0517526632228599,0.0292668926288615,0.0468534301876795,0.043180733838915,0.018692838909537,0.0336900233829835
2005-08-01,0.10541287030824,0.0866751805432911,0.0786748034622287,0.114631085947768,0.0856074213486431,0.0796516111823511
2005-09-01,-0.0058281648788035,-0.0107771529872171,0.00198906082485696,0.00167821111611589,-0.0105125123381948,0.0146222577954414
2005-10-01,-0.0622452075581762,-0.0630187226626286,-0.0360794358739999,-0.0770708015840612,-0.0530602916794174,-0.0555926392821974
2005-11-01,-0.0576134404075021,-0.048477060790576,-0.0588665115460396,-0.0604033982433894,-0.0583205114975304,-0.0549388770495717
2005-12-01,0.0263635655306159,0.0318704342694449,0.0396268159028568,0.0126869967274961,0.0246012981760913,0.0235926435655422
2006-01-01,0.105429897465944,0.11531668434189,0.0779134129051808,0.100719766610731,0.100634868043844,0.0874173035225023
2006-02-01,-0.0393206244820602,-0.029701722137288,-0.0438485330678616,-0.0305037997580018,-0.0325445493275551,-0.0152625663343445
2006-03-01,0.0223176959739265,0.0202525004055996,0.0184352464136415,0.0267961808211317,0.0172130943599433,0.00902504111295127
2006-04-01,0.108673535356279,0.109240746987518,0.107135757316279,0.118110373600908,0.103990142625447,0.0938067822812799
2006-05-01,0.00142328518191264,0.00278573756815112,0.00327673811208223,-0.000794153954339387,0.0152940500525104,0.0199572784293077
2006-06-01,-0.0166359781003027,-0.0163177869750696,-0.00941218571641485,-0.0214419710108919,0.00311090143544994,-0.00258064659349174
2006-07-01,0.0727745766044416,0.0675383709885563,0.0695731094007688,0.0722835702793863,0.0600220404700796,0.056376534257436
2006-08-01,0.00174649067030484,-0.00261634612820622,-0.00984952383691441,-0.00263966142779787,-0.00429552678370182,-0.000542888178371764
2006-09-01,-0.163387842226721,-0.150393706230346,-0.139041048435492,-0.164515588320012,-0.14095300640814,-0.124918806800542
2006-10-01,-0.0775301931150667,-0.0702761689114838,-0.0907706129942503,-0.0835953878774656,-0.0706914909145176,-0.0630117172401759
2006-11-01,0.0206227727924366,0.0131301076893638,0.0197328460603256,0.0264075010513486,-0.00214084690162571,-0.00163961341863861
2006-12-01,0.0613231347993001,0.0325208200147727,0.0577882069495127,0.0635713023136739,0.0384577857062893,0.0351479029800559
2007-01-01,-0.13041161543612,-0.151624905750294,-0.15365681200917,-0.134641047288914,-0.126232405236079,-0.112213970963768
2007-02-01,0.0659045650857932,0.0794163374682782,0.0695303614219552,0.0587591256090385,0.0652632879233861,0.0544962417112859
2007-03-01,0.0762396839584375,0.083551249455782,0.0819835337529996,0.0808944635034199,0.067481322599181,0.0588261135002276
2007-04-01,0.0807841482547336,0.0852808505222171,0.0862685268873749,0.0804236782005502,0.0786112958983151,0.0790805543246408
2007-05-01,0.00600688305051174,0.0211076877008447,-0.000454235756163667,0.000285632678320006,0.0207914246467899,0.0119187457437672
2007-06-01,0.0543898781649888,0.0321621571526732,0.061951124007375,0.0612040374625917,0.0272177945395708,0.0218658229235625
2007-07-01,0.0546569758997121,0.0726401670309891,0.0761699018543574,0.0619747943461702,0.0749419689418933,0.0504447580617117
2007-08-01,-0.062928770301285,-0.0447781226794714,-0.0820232985368657,-0.0769963908330083,-0.0327616740284611,-0.0355714657848678
2007-09-01,0.0679029531229258,0.0866734820717334,0.085447057477863,0.0852941502861175,0.0772195559698564,0.0719967119833499
2007-10-01,0.0717879438186483,0.0623158959752994,0.0726232745994915,0.0692849702183988,0.0655224876107233,0.0605941270386632
2007-11-01,0.113180657773612,0.120166279430108,0.116641389931799,0.107554369082845,0.11549683949248,0.10383458988794
2007-12-01,-0.0151292039798232,-0.00991476879191842,-0.0128101603955401,-0.0187435995104427,-0.031147347067492,-0.00253206498468933
2008-01-01,0.0048192864359487,0.000579139415040331,0.00713700531514417,0.0138006436609246,0.028109711835309,0.0144454251877233
2008-02-01,0.0328932087109094,0.0245909343341791,0.0310235996078261,0.022208075296183,0.0278891471437314,0.0237275611609549
2008-03-01,0.0884920680196143,0.0882910158544966,0.0887511298890463,0.0953289276366072,0.0837278124268937,0.0804914949355109
2008-04-01,0.0542365363910184,0.0558186209336404,0.0509923658752155,0.0532972843078426,0.0664702930845412,0.0689341326106092
2008-05-01,0.114860821272695,0.130408552345638,0.12209845615259,0.117506503369477,0.12848568110481,0.131656463528338
2008-06-01,0.0678789206041208,0.067956302266144,0.072339645737347,0.0752474705593119,0.0701255465165369,0.0749772788220592
2008-07-01,0.00409790835355373,0.016626611090588,0.0034112908796107,0.00875662337883455,0.0259457514900102,0.0248086117785072
2008-08-01,-0.162400843281579,-0.15915991782613,-0.165541682680992,-0.163066115777052,-0.154992213981033,-0.14350243663158
2008-09-01,-0.139132384618675,-0.150027216434754,-0.14072686570289,-0.151616762432339,-0.152905377021157,-0.165032546238091
2008-10-01,-0.309223242707713,-0.338387224672944,-0.311819740368225,-0.298220421164185,-0.34443663462638,-0.348306694268216
2008-11-01,-0.304345288844038,-0.332860494546065,-0.317225897739113,-0.284424231792823,-0.322312047123953,-0.298742265805267
2008-12-01,-0.264315665913752,-0.254112390303006,-0.269718661850083,-0.263791052653178,-0.254885809628661,-0.206552447530555
2009-01-01,0.0596140822304423,0.0794585223867368,0.0763061316305668,0.0528697773031937,0.0602305689779444,0.0698113853894714
2009-02-01,0.00409277515375299,-0.00050100201448754,-0.00869468525253384,-0.00817593771033894,-0.0087698491426227,-0.034296612673019
2009-03-01,0.0937205348686904,0.109311607346702,0.0897807273733964,0.0977880964000261,0.126687621187467,0.06578187668085
2009-04-01,0.0657645254853619,0.118082481683475,0.080590230148079,0.0498435518655927,0.0929754491505923,0.0915907534573773
2009-05-01,0.102512587197818,0.111687761741143,0.123956439158765,0.102350630617572,0.12085563638052,0.12975012690102
2009-06-01,0.188501131705001,0.196149112689098,0.180943196823834,0.183846802783705,0.183336417337746,0.182377502414826
2009-07-01,-0.0586652267056565,-0.0507066120591942,-0.0548909075983914,-0.0477052029886756,-0.06109567898612,-0.067994369157362
2009-08-01,0.112024353975423,0.0989656716584266,0.122131204849971,0.10755987481382,0.0954221995199118,0.0957183708433963
2009-09-01,-0.0724851938968864,-0.0739681804431425,-0.0777131417005216,-0.071569318772909,-0.0543784181359229,-0.051930718356936
2009-10-01,0.0782268364645618,0.0879893721776066,0.0752406129683653,0.079259069987482,0.0811793039178298,0.0727970606778144
2009-11-01,0.0505023600893189,0.0560242967204265,0.0522486898667642,0.0466055332301902,0.0424346520493468,0.0511600587601467
2009-12-01,-0.0286597767297622,-0.0315132657060766,-0.0315592353992739,-0.029681949895737,-0.0286263915006324,-0.0277225145666656
2010-01-01,0.0238530120346863,0.018393161472016,0.0254053698248956,0.0223436485387448,0.0275806397713428,0.0174164242360668
2010-02-01,-0.0297385292913398,-0.0429041924863657,-0.0340646040158437,-0.0308362685843984,-0.0419343052967625,-0.0387246090942323
2010-03-01,0.066933691745057,0.0587577836160871,0.0690381664705396,0.0689928714869514,0.0520840345888094,0.0513065886357943
2010-04-01,0.0642640167143653,0.0649202888893315,0.069085870755706,0.0689597034410439,0.0689065566968588,0.0753881396518314
2010-05-01,-0.116151821804105,-0.102535635931609,-0.120879907922159,-0.113858196264924,-0.0916913580021933,-0.0831219341420858
2010-06-01,-0.00822722262695926,-0.0309783543418553,-0.0164291333339545,-0.0113823430747096,-0.0222320660603823,-0.0345732627861458
2010-07-01,0.0190054552543036,-0.0106369092479066,0.0160283584972497,0.0135914272035392,-0.01652253057652,-0.0196919614831079
2010-08-01,0.0223653559935934,0.0295301141284623,0.0189271747702581,0.0228420042769874,0.0215208523639654,0.0225863195094724
2010-09-01,0.00928937137428312,0.00517782870936229,0.0114719026330228,0.0104752645892,0.0045711292287054,0.0105848750428946
2010-10-01,0.0608108727715094,0.0709480124996995,0.0682581017177623,0.0573327726359197,0.0696812104271804,0.0662593845912908
2010-11-01,0.027972208047795,0.0403205395305273,0.0278177072649858,0.0289773750805766,0.0415373647548435,0.0377223049313637
2010-12-01,0.0691782970391236,0.0655335876650493,0.0704596707161175,0.0695071543615373,0.0686407531715606,0.0646410229131382
2011-01-01,0.0530762594437221,0.0490016374066552,0.0531022574682112,0.0525280281372264,0.0475941706048334,0.0427792257076989
2011-02-01,0.0742032057141006,0.0738678342669434,0.0742789104194122,0.0742390251648525,0.0782740260316447,0.0780009977620091
2011-03-01,0.0991034799836386,0.0845492219073921,0.0995956940731312,0.0998085048128369,0.086640791583983,0.0855748225248322
2011-04-01,0.0876364511028163,0.0733209897276219,0.0852024251046174,0.0850966256794538,0.0691317884782328,0.0692013133845275
2011-05-01,-0.0803324444102303,-0.0711946079344163,-0.0717385952277013,-0.0670169412590115,-0.071762772077992,-0.0564181832561962
2011-06-01,-0.00911677424843402,-0.00825339687597535,-0.00918789509284288,-0.0136356124964759,-0.0064707448378991,-0.0116223638923689
2011-07-01,0.013303204387721,0.0270994399741597,0.0245141936367076,0.0204260984123059,0.020274022320489,0.02005456141674
2011-08-01,-0.0536788956591109,-0.0505589924420332,-0.0561842442424237,-0.0627521654115734,-0.0475231596146705,-0.0484753357483196
2011-09-01,0.0342223590336161,0.00608251257527023,0.0237144200628773,0.0282425366671647,0.0120477758904453,0.00594994661174302
2011-10-01,-0.02010868125449,-0.00675003751304059,-0.032924417444676,-0.0222114762576347,-0.012329691035854,-0.0189797479201651
2011-11-01,-0.00293138117972327,0.0408410728463234,0.0110059748760418,0.00985489717928005,0.0386240921797247,0.0402004638600891
2011-12-01,-0.034849885947092,-0.0219422773530086,-0.0254420410180133,-0.0311246891911403,-0.0240688809374648,-0.0219511094718923
2012-01-01,0.0260935755323488,0.045204402439724,0.0238258064918106,0.0211813629540143,0.0440328401620262,0.0318200493173063
2012-02-01,0.0770906607028819,0.0415339178343296,0.0776065179962353,0.0788719864573131,0.0449757383258273,0.0540718776850692
2012-03-01,0.0468258693372572,0.0498073398179585,0.0468639082379777,0.0449064824286114,0.04490482711818,0.0514567208114527
2012-04-01,-0.0430940575676292,-0.0389659685333837,-0.0431289991363647,-0.0449064824286115,-0.0370550294773898,-0.0420301650856286
2012-05-01,-0.0912871597608854,-0.0954290525511895,-0.0814312945434266,-0.0807308053151677,-0.0920533400863622,-0.0854124627037462
2012-06-01,-0.152323505775178,-0.139822657836837,-0.147194908816557,-0.149568888452156,-0.137860175185121,-0.13350555516796
2012-07-01,0.0509552923985709,0.0596320470784729,0.0688956850346664,0.0700281073012104,0.0554640366475431,0.0476280489892547
2012-08-01,0.118986646634185,0.101446378208823,0.086444267692472,0.0950136173103286,0.0957650767780064,0.0885868007105119
2012-09-01,-0.00151589489102602,0.014794914748194,-0.000178300793910941,-0.00498492439852545,0.0124741742251756,0.0239708514619619
2012-10-01,-0.00581735206591331,-0.026290879859208,-0.0067093332150548,-0.00659720033591762,-0.0202357070480246,-0.0196511903174453
2012-11-01,-0.018571897655531,-0.0121913007785855,-0.0217774689309579,-0.021408363775825,-0.0056995925575393,-0.0151099911628668
2012-12-01,0.00483467304313869,-0.00224971973401544,0.00256527854831486,0.00252138809850765,-0.00110690906975815,-0.00722817548432788
2013-01-01,0.0385589936036829,0.0182262809986519,0.0334714106834772,0.0372505557171556,0.0209149593741348,0.0135895200913455
2013-02-01,0.0240496019969944,0.0337049480034745,0.0286107609328925,0.0280240466361003,0.0294780683351905,0.0314768976334053
2013-03-01,-0.0719339511664214,-0.0622128835056826,-0.070535773370048,-0.0708662475141035,-0.0572461754793924,-0.0492072103907822
2013-04-01,-0.0557168262244292,-0.0561605794478214,-0.0584239445947704,-0.0500707160223732,-0.0538349278361666,-0.0374850142647308
2013-05-01,-0.00136054442756018,0.000100285814655568,0.0040029343174895,0.00625594457369603,-0.00896425251237178,-0.0157270837670534
2013-06-01,-0.00741828682569221,0.0088853976486023,0.00427808139107839,0.00273649616390584,0.00237201139087518,-0.00214174536698141
2013-07-01,0.052389978985257,0.0297681825778293,0.0458891773269409,0.0378171074339117,0.0361596123800464,0.0285335655213523
2013-08-01,0.0392886514581752,0.0323695860834465,0.0288630868033863,0.0304719104255303,0.0287181897934275,0.0335289369581415
2013-09-01,0.00960776005517316,0.0193336580307178,0.00476041676818186,0.00596702367178399,0.0127776707443667,0.0177927714981636
2013-10-01,-0.0170547461555178,-0.0134663536551634,-0.0259613382294359,-0.0164068247624338,-0.0216054937196641,-0.00912918167492268
2013-11-01,-0.0160686131758404,-0.0076435868039841,-0.0108179132738606,-0.00866424963679897,-0.0217010119976087,-0.00701629376115845
2013-12-01,0.030552549883914,0.0193676998643969,0.0260589110071316,0.0146053001417575,0.0303437868598686,0.0168650293437238
2014-01-01,-0.024257770169523,-0.0380686604276896,-0.0233666195419647,-0.0255195833817521,-0.02179591450777,-0.0325321086266068
2014-02-01,0.00507983675817084,0.000667143222266366,0.00563954714304517,0.00461476636730389,0.00528203454059811,0.00952168044228426
2014-03-01,-0.0143074386645868,-0.00909227683073703,-0.0122439151325401,-0.011531430272286,-0.0142115134609605,-0.0100791458474116
2014-04-01,-0.00792484796251734,0.00297604981330086,0.00223734595053901,0.00628159924313009,0.000667715959372053,0.00139308125617309
2014-05-01,0.0207835359209738,0.0102995379289192,0.0187266207655547,0.0182550818231403,0.00882903157788521,0.00555299899851079
2014-06-01,0.0206266841174826,0.0192629869812576,0.0171254128694546,0.018890137131285,0.0262129648677458,0.021818383412453
2014-07-01,-0.0539784625607692,-0.0116073567550713,-0.0470891590893803,-0.0462618834281362,-0.0135337623723586,-0.0170306015017324
2014-08-01,-0.0566625542572195,-0.0461479559665752,-0.0544753781337621,-0.0655708943741216,-0.0469067312903614,-0.0425955574132107
2014-09-01,-0.0379920413513001,-0.0534648479010583,-0.0443252066103311,-0.0418370802476244,-0.0502436848076589,-0.0531464231447467
2014-10-01,-0.102846228619007,-0.127752999529405,-0.108483891440095,-0.102565969423443,-0.123546294496434,-0.104653194858368
2014-11-01,-0.0958810538279352,-0.127790394491839,-0.0897642383797377,-0.0998396859064721,-0.121879042315922,-0.134975436196756
2014-12-01,-0.234991095311495,-0.232894130429587,-0.24865636709943,-0.227365936194058,-0.235145083957732,-0.223304129395647
2015-01-01,-0.272698746643811,-0.319895692435436,-0.274496724148531,-0.27413995562313,-0.301694080528872,-0.251773364932758
2015-02-01,0.194217402172025,0.217713334806238,0.195036218705162,0.186572797425975,0.190086846318114,0.190345465701453
2015-03-01,-0.021719210104065,-0.0380797945901768,-0.0367391914740979,-0.0296871033215878,-0.0298191559521256,-0.0198333654735108
2015-04-01,0.0483467478486294,0.0928780172661014,0.0639907259992492,0.066463979028547,0.100694474184249,0.0714169182784589
2015-05-01,0.0705871369297322,0.0871002461298794,0.0793048169532903,0.0740255285245066,0.0813077468254175,0.070742880035462
2015-06-01,-0.0386344845198051,-0.0250755467670373,-0.0391954050268405,-0.0489509487987679,-0.0271949423406966,-0.0243187024490849
2015-07-01,-0.0907170807733206,-0.0872240169150958,-0.0903218198819777,-0.091186197933163,-0.103466092707933,-0.114884314860352
2015-08-01,-0.177646665152056,-0.170723021551023,-0.192382804853304,-0.187372161769584,-0.166541353199167,-0.164830407110461
2015-09-01,0.0249149284504216,-0.0358792749540479,0.0192375974886672,0.019773467129798,-0.0208521890714823,0.00102343678977116
2015-10-01,0.0235016436267398,-0.00157003508756818,0.0180337973085645,0.0236709621549852,-0.00417904490310901,0.0122002326609472
2015-11-01,-0.0888676368843434,-0.135103896599014,-0.093839436814137,-0.0926489558997823,-0.110098290405646,-0.0731445659724546
2015-12-01,-0.160313856939461,-0.2042456517227,-0.152919721062806,-0.160643482217966,-0.18725496591191,-0.160002369340292
2016-01-01,-0.210014259872417,-0.276296353800124,-0.222403781953999,-0.22734523816791,-0.246029562370945,-0.21621430964164
2016-02-01,0.0613765580876713,0.125187581180281,0.0558877656384931,0.0587653092262516,0.0878649025760852,0.0785552834468988
2016-03-01,0.169664117442131,0.197299249391241,0.175890666463664,0.178229240999639,0.188558583249502,0.158366836852345
2016-04-01,0.0714764633259201,0.0979603459661577,0.0762004608854141,0.074497203426881,0.0954671779991681,0.0596685214560361
2016-05-01,0.120064076484973,0.128368017101702,0.124130873541823,0.121016646619484,0.128942123440882,0.103899595018151
2016-06-01,0.0258519205062165,0.0697445287666379,0.0311484745768101,0.0342003330766277,0.0624088400724673,0.0448207798819332
2016-07-01,-0.0781050190350334,-0.0716662204461795,-0.0718977391795816,-0.0678443092720706,-0.0702592613644655,-0.0572061613511187
2016-08-01,0.0229142595228758,0.0138493140036482,0.0191339545865439,0.0229142595228758,0.00762040403969044,-0.00625069391571145
2016-09-01,0.015839372243599,-0.0186697619978275,0.018555867070375,0.0301765353900063,-0.0178721247661217,0.00366893688785683
2016-10-01,0.0557534963986281,0.133470989737246,0.0646205926218801,0.0620889040569405,0.122404139962307,0.0978137996232008
2016-11-01,-0.0982669468151815,-0.108890346361351,-0.110755061061542,-0.117389644620626,-0.107988638064096,-0.0800915465297401
2016-12-01,0.17609793145985,0.192212756930877,0.177803765121126,0.176218902625392,0.181089650263045,0.150606993414777
2017-01-01,0.018774709395354,0.00948608410442981,0.0182514572073623,0.0196534932735223,0.00710107580420458,0.0187561855487392
2017-02-01,0.00400364502034763,0.0239874436732017,0.00713350124676619,0.00471784580399188,0.0253034647947947,0.00605630636325909
2017-03-01,-0.0687853272533419,-0.0558977561405606,-0.0669107052826269,-0.0621758787019538,-0.0565772575418956,-0.0613352276377744
2017-04-01,0.00852387958290002,0.0167673323647955,0.0205866336083883,0.021157751021742,0.0187652105255035,0.025355571621688
2017-05-01,-0.0401470680134121,-0.0423555119586527,-0.0428322425557082,-0.0433635719015765,-0.0463724849297973,-0.0444182914480419
2017-06-01,-0.0778530050827815,-0.0936381091062402,-0.0860079764929344,-0.0788616051740283,-0.0866057797421306,-0.0821941093221715
2017-07-01,0.0402053512114879,0.0306765751629909,0.0455267555319491,0.0364133135701018,0.0413792380368175,0.0239482956197393
2017-08-01,0.06751833479456,0.056820265921167,0.0689076889833863,0.0604070018525714,0.0518979502560182,0.0495475854775273
2017-09-01,0.0931640468959135,0.0707435626362863,0.0904012387711628,0.0898608633541814,0.0711532067093413,0.0644657170896339
2017-10-01,0.0273221899134963,0.0379174551925293,0.0252814899105966,0.024800432789512,0.0447699052727541,0.0436283914531435
2017-11-01,0.0884069703072386,0.0877632278823872,0.0864505493113677,0.0878017034355725,0.0916658787689867,0.0894478557445606
2017-12-01,0.0236003764275764,0.0266371667060861,0.0242251358863639,0.0211060754256259,0.0229820763919242,0.0170620252767215
2018-01-01,0.0771154932176773,0.078638985683457,0.0783220724446141,0.0785183171344401,0.075775153063559,0.0749691300728351
2018-02-01,-0.0576884960150961,-0.0558996593049293,-0.0583920287031499,-0.0573940049222332,-0.0515899862752039,-0.043514177904949
2018-03-01,0.0102487709435354,-0.00192895092764053,0.00820120650889454,0.0154808833026406,0.00576190957959725,0.00650581007133683
2018-04-01,0.0784150298713664,0.0685529785562331,0.0819257801242419,0.0815902963239143,0.0676876722588085,0.0679165371561152
2018-05-01,0.0685768692622735,0.0806434887069267,0.0661965948716661,0.0662123771905265,0.0804110133044053,0.0777748254343134
2018-06-01,-0.0515317830519519,-0.00639601735509916,-0.0404067983340955,-0.0376215807658455,-0.00563986992458786,-0.00693311692074682
2018-07-01,0.00760356684310587,-0.0034933312965373,0.00221147291234518,0.00266809123059185,-0.00134752749133442,-0.00236562076412696
2018-08-01,-0.0176029652759709,-0.013812763655152,-0.0236093944299003,-0.0238636197691159,-0.0105735023304638,-0.0144459473265396
2018-09-01,0.090870020490758,0.0661693223640327,0.0860920967919493,0.0807037190449662,0.0631065888073913,0.049990884745951
2018-10-01,0.0195437850590773,0.0231102722127461,0.0321620370028874,0.0326883133774497,0.0235185956945616,0.0316217061244294
2018-11-01,-0.222157843989451,-0.203892101075015,-0.232386081976023,-0.219677764851713,-0.187182138106845,-0.177657254732697
2018-12-01,-0.141125248101538,-0.136012811720742,-0.125617479498404,-0.130803704920262,-0.130522061433813,-0.137127648826923
2019-01-01,0.0494568280478621,0.0260970447818215,0.0458256250572381,0.0454739040460301,0.023586399246584,0.0246391688614665
2019-02-01,0.0814563554438269,0.0867300559634697,0.0804254676415172,0.0744974423022178,0.0839181076274382,0.0764310170898718
2019-03-01,0.0318361750482549,0.0442888563230189,0.0347035524995644,0.037927796561106,0.0385681071558086,0.0354694869656572
2019-04-01,0.0693945182440329,0.0655898616934952,0.0746868370486248,0.0726194289090659,0.0643530439970968,0.0501825468727572
2019-05-01,0.000702493882068753,-0.00967891409983501,-0.00284293013083409,-0.00785939929788984,-0.0154215869980409,-0.0256369822938264
2019-06-01,-0.0937243592310258,-0.108542045802654,-0.0997613527311986,-0.0965706638030858,-0.109324280756921,-0.105041739754585
2019-07-01,-0.014136157728885,0.0286589677886468,-0.00346620797648617,0.00547363385767953,0.0334759291963895,0.0330725228672787
2019-08-01,-0.0932316156089907,-0.0810940715489031,-0.0818593820802016,-0.0869148898120117,-0.075480655965694,-0.0747248753194925
2019-09-01,0.0702857556564499,0.0431941139065264,0.065309036136524,0.057213545190405,0.03075173537144,0.0358987805630155
2019-10-01,-0.0323737096342011,-0.0402557313584964,-0.041611244706701,-0.0409716985296731,-0.0282892864541671,-0.0245002925692646
2019-11-01,0.0543804554153585,0.0470298175682797,0.0605262169590916,0.0358037283712305,0.0483294048455471,0.0418201821047779
2019-12-01,0.0642840258688307,0.0493153804412603,0.0624106092340349,0.0681237023264827,0.0523472614998528,0.0488801772213852
2020-01-01,-0.042291502499615,-0.0188281805935251,-0.0605229258042176,-0.0341645817840286,-0.0132827861408117,-0.00858762339723209
2020-02-01,-0.119795629418153,-0.16908893950986,-0.133104910311462,-0.131517075132554,-0.157863493284053,-0.146914103697008
2020-03-01,-0.525787628695604,-0.477712479390802,-0.570310111820305,-0.547614353424509,-0.468456620991211,-0.471757707927369
2020-04-01,-0.69519426418167,-0.647542496796741,-0.770019308532421,-0.765437911429164,-0.666523311847774,-0.396794937728158
2020-05-01,0.432040906691778,0.316544726402611,0.52146837669843,0.469842741143064,0.313215374456946,0.164834542135571
2020-06-01,0.430858929927009,0.431589384864278,0.454203567306152,0.451070495109959,0.368370983701924,0.33160234417832
2020-07-01,0.0861051694060917,0.177437429681739,0.0863863971733749,0.10751039363576,0.186373873998903,0.106046778981111
2020-08-01,0.0338713306085731,0.0400642016941128,0.0354101752048759,0.0436711302190187,0.0407484624050706,0.0394581561570835
2020-09-01,-0.107700382183121,-0.0722152755198856,-0.10895283044695,-0.107320339900993,-0.0741588821702785,-0.0826841355795766
2020-10-01,-0.0302227610223804,-0.0411400353911875,-0.038241101246129,-0.0283530556845219,-0.0429625590193662,-0.0197739744115486
2020-11-01,0.068758102146749,0.0635439909710628,0.0649362145212181,0.0556857524751927,0.0638872674512511,0.048256540036959
2020-12-01,0.160203501490357,0.137488106735716,0.178212729498088,0.168264738564062,0.135971410101888,0.13827759589654
2021-01-01,0.0969636884349751,0.100102815706062,0.0987259541744354,0.103725786386324,0.106618862518679,0.104491099830242
2021-02-01,0.124458037319203,0.10928806305611,0.136282878868607,0.123482892982769,0.115549396130446,0.104650268953836
2021-03-01,0.0527670395682674,0.0582751289831388,0.0439012533359013,0.0521203944053917,0.058584908967229,0.053316169114544
2021-04-01,-0.0269724295940124,-0.020424904852041,-0.0230773350973037,-0.021582462513104,-0.0171711234164717,-0.0153511786557609
2021-05-01,0.0576703555418387,0.0573700316589586,0.0631690441442242,0.0522200893401626,0.055093211748799,0.0533275301614622
2021-06-01,0.0642527554911097,0.0717070106161839,0.0707446614785665,0.0658226393605036,0.071784796384987,0.0793747895953416
2021-07-01,0.0410487700770345,0.0179736623416264,0.0363676441708748,0.0428307773922884,0.0189237149340197,0.0178111298409251
2021-08-01,-0.0586273477207854,-0.0368448039624652,-0.0585812871645243,-0.0564952398651161,-0.0383525803121872,-0.0522657788758395
2021-09-01,0.0386521544342791,0.0518049632920876,0.0464218368512492,0.0393664924383032,0.049883949709791,0.0491375886336523
2021-10-01,0.123289550091641,0.103279518190489,0.114677799389107,0.112354491712684,0.0984442389157595,0.119522127079402
2021-11-01,-0.0189722324040901,-0.0201679241038948,-0.0156880494972899,-0.0265248087343251,-0.0239649566519481,-0.00813160618805147
2021-12-01,-0.0822206704099603,-0.0750448657509957,-0.0907761513544283,-0.0812511670351047,-0.0681005230938229,-0.0957124054583367
2022-01-01,0.155587679015697,0.136356135219996,0.160963528259142,0.154323406315294,0.132089765822405,0.132206255933166
2022-02-01,0.132524764389378,0.0834610543168906,0.129373503374954,0.128510171789865,0.0852880899263732,0.101263307326539
2022-03-01,0.190135255615743,0.189034429249182,0.184257271320238,0.200449749813882,0.185921266320843,0.177567583246946
2022-04-01,-0.107643725928662,-0.055986816567978,-0.121415579560919,-0.126030826762586,-0.0522300058533963,-0.0737797625342338
2022-05-01,0.0526273223441321,0.0830202339031215,0.0805582437319715,0.0784290513070925,0.0823068055096639,0.0512119357947222
2022-06-01,0.10708525921566,0.00319889608365088,0.0990142143769979,0.0845315514817971,0.00710284959555067,0.0664860188219198
2022-07-01,-0.102325611962672,-0.0735968316021784,-0.0915321144221087,-0.0629532373430555,-0.0733145893180207,-0.103537584958018
2022-08-01,-0.105619549463186,-0.0513764286469822,-0.119659301451468,-0.102925426536557,-0.0382521971814398,-0.0777804765268328
2022-09-01,-0.116919850449572,-0.0507580616514676,-0.111783966180149,-0.102661797479291,-0.054464541746248,-0.058707600826778
2022-10-01,0.0312160392206545,-0.0417099169046914,0.037318572778872,-0.00744433319948661,-0.0320182825556038,0.0117211944646063
2022-11-01,-0.0217698547686045,-0.0492569612258192,-0.0287338843539213,-0.0232098143525388,-0.0492164504427114,-0.028629151114307
2022-12-01,-0.119828395209607,-0.114758761813941,-0.162938034231733,-0.140262929545821,-0.105142151206691,-0.125610621128573
